path,class
mit-states/images/adj apple/09_08_14---Fruit-Apple_web.jpg,adj apple
mit-states/images/adj apple/1282852892989866508apple-grn.jpg,adj apple
mit-states/images/adj apple/1345459297_apple_red_delicious.jpg,adj apple
mit-states/images/adj apple/1345459717_goldenApple.jpg,adj apple
mit-states/images/adj apple/139865_1.jpg,adj apple
mit-states/images/adj apple/8.jpg,adj apple
mit-states/images/adj apple/Apple70753.jpg,adj apple
mit-states/images/adj apple/Apples.jpg,adj apple
mit-states/images/adj apple/Big_red_apple.jpg,adj apple
mit-states/images/adj apple/Fuji-Dry1.jpg,adj apple
mit-states/images/adj apple/Fuji_apple.jpg,adj apple
mit-states/images/adj apple/GoldenDelicious__39861.jpg,adj apple
mit-states/images/adj apple/Honeycrisp-Apple.jpg,adj apple
mit-states/images/adj apple/POL_apple.jpg,adj apple
mit-states/images/adj apple/Red_Apple.jpg,adj apple
mit-states/images/adj apple/apple%20with%20heart.jpg,adj apple
mit-states/images/adj apple/apple.jpg,adj apple
mit-states/images/adj apple/apple_001.jpg,adj apple
mit-states/images/adj apple/apple_2312343b.jpg,adj apple
mit-states/images/adj apple/apple_8.jpg,adj apple
mit-states/images/adj apple/apple_bite2.jpg,adj apple
mit-states/images/adj apple/apples1.jpg,adj apple
mit-states/images/adj apple/eating-apples-extended-lifespan-test-animals-10-per-cent_183.jpg,adj apple
mit-states/images/adj apple/free-photo-apple-853.jpg,adj apple
mit-states/images/adj apple/gala-apple.jpg,adj apple
mit-states/images/adj apple/maca_apple_vector.jpg,adj apple
mit-states/images/adj apple/organic-three-red-apple-backgrounds-powerpoint.jpg,adj apple
mit-states/images/caramelized apple/6317413161_65d4749aff_z.jpg,caramelized apple
mit-states/images/caramelized apple/6317934062_759eef8a06_z.jpg,caramelized apple
mit-states/images/caramelized apple/7975267930_b7601ef5e9_z.jpg,caramelized apple
mit-states/images/caramelized apple/Apple%2BBread%2BMain.jpg,caramelized apple
mit-states/images/caramelized apple/Apple%2BBread%2BWide.jpg,caramelized apple
mit-states/images/caramelized apple/Brown-Butter-Caramelized-Apple-Crisp-Bars-w-Pecan-Streusel-+-Mascarpone-Maple-Glaze.-111.jpg,caramelized apple
mit-states/images/caramelized apple/Caramelized-Apple-Waffle-Pastries.jpg,caramelized apple
mit-states/images/caramelized apple/IMG_7862edtext.jpg,caramelized apple
mit-states/images/caramelized apple/IMG_8888.jpg,caramelized apple
mit-states/images/caramelized apple/caramelizedappletart.jpg,caramelized apple
mit-states/images/caramelized apple/cpy+caramelized+apple+crisp.1.jpg,caramelized apple
mit-states/images/caramelized apple/tartin1.jpg,caramelized apple
mit-states/images/cored apple/0383afe78d82e840af2e3e1894f73320.jpg,cored apple
mit-states/images/cored apple/2014-10-01-18.39.091.jpg,cored apple
mit-states/images/cored apple/267482703_48c0bb1368_z.jpg,cored apple
mit-states/images/cored apple/2699963-316603-an-apple-sliced-is-into-wedges-and-cored-using-a-handy-kitchen-tool.jpg,cored apple
mit-states/images/cored apple/3632fb9296ce378784b116f07a023022.jpg,cored apple
mit-states/images/cored apple/4-cored-apple-with-cheese.jpg,cored apple
mit-states/images/cored apple/494ec3cb5dbc0e08971909e7732fd434.jpg,cored apple
mit-states/images/cored apple/9174a4ba11771332fe4283e801dc20b1.jpg,cored apple
mit-states/images/cored apple/9e372cfbbaa102810ce729c33af3a9b9.jpg,cored apple
mit-states/images/cored apple/Ambrosia+Apples.jpg,cored apple
mit-states/images/cored apple/Bruce_Kurland_2w_work.jpg,cored apple
mit-states/images/cored apple/IMG_1879.jpg,cored apple
mit-states/images/cored apple/apple+dumplings+3+fixed.jpg,cored apple
mit-states/images/cored apple/apple-core.jpg,cored apple
mit-states/images/cored apple/apple-core1.jpg,cored apple
mit-states/images/cored apple/apple4.jpg,cored apple
mit-states/images/cored apple/apple_sauce_misc_massive.jpg,cored apple
mit-states/images/cored apple/apples-cored.jpg,cored apple
mit-states/images/cored apple/cored+apple.jpg,cored apple
mit-states/images/cored apple/cored-apple-29036116.jpg,cored apple
mit-states/images/cored apple/cored-apple-600x450.jpg,cored apple
mit-states/images/cored apple/cored-apple-plate-9465245.jpg,cored apple
mit-states/images/cored apple/cored-apple.jpg,cored apple
mit-states/images/cored apple/cored-apple_.jpg,cored apple
mit-states/images/cored apple/cored-apples.jpg,cored apple
mit-states/images/cored apple/cored-sliced-apple-15671095.jpg,cored apple
mit-states/images/cored apple/cut-and-cored-apple.jpg,cored apple
mit-states/images/cored apple/dc34f4f372ef6016a20cf48b45ff58f4.jpg,cored apple
mit-states/images/cored apple/eb4850eb50b1bc4c47c718ffa4d9b522.jpg,cored apple
mit-states/images/cored apple/f534b2b78da00cc7f4e543cba619a048.jpg,cored apple
mit-states/images/cored apple/fcba1906fe8dcda93acc5b8c852de8e2.jpg,cored apple
mit-states/images/cored apple/icecreaminapple.jpg,cored apple
mit-states/images/cored apple/img_0492.jpg,cored apple
mit-states/images/cored apple/juice+gblet+carrot+720.jpg,cored apple
mit-states/images/cored apple/peanut-butter-apple-mbd108318_vert.jpg,cored apple
mit-states/images/cored apple/tumblr_m6jkre0QVs1qgcbpoo1_r1_500.jpg,cored apple
mit-states/images/diced apple/01-diced-apple.jpg,diced apple
mit-states/images/diced apple/0152abb54f32e163001fd94ef2bcbab1.jpg,diced apple
mit-states/images/diced apple/1-120315154412220.jpg,diced apple
mit-states/images/diced apple/1085505345_a4bb3e55e4_z.jpg,diced apple
mit-states/images/diced apple/12-Apple%20Segments%20IQF.jpg,diced apple
mit-states/images/diced apple/13-finely-diced-apple.jpg,diced apple
mit-states/images/diced apple/140417221901-04-terrific-tuna-horizontal-gallery.jpg,diced apple
mit-states/images/diced apple/177.jpg,diced apple
mit-states/images/diced apple/20c12024519f9f9f6f2b843d91f9ea69.jpg,diced apple
mit-states/images/diced apple/40-green%20apple.jpg,diced apple
mit-states/images/diced apple/4c7e21f69f504d58b30f431e96a156b9.jpg,diced apple
mit-states/images/diced apple/81599c6a9790b673d6669e0a74e816f7.jpg,diced apple
mit-states/images/diced apple/DSC00468.jpg,diced apple
mit-states/images/diced apple/DSC00479.jpg,diced apple
mit-states/images/diced apple/DSC09498.jpg,diced apple
mit-states/images/diced apple/Diced+Apple.jpg,diced apple
mit-states/images/diced apple/Diced-Apple-600x400.jpg,diced apple
mit-states/images/diced apple/Diced-Apples.jpg,diced apple
mit-states/images/diced apple/P1050710-web.jpg,diced apple
mit-states/images/diced apple/Pork%2Btenderloin.jpg,diced apple
mit-states/images/diced apple/Rotkohl-prep-5.jpg,diced apple
mit-states/images/diced apple/d265b0ce19f45e9aca73277b65d39a9d.jpg,diced apple
mit-states/images/diced apple/diced-apple-cutting-board-21323758.jpg,diced apple
mit-states/images/diced apple/diced-apple.jpg,diced apple
mit-states/images/diced apple/diced.apples.biscuits.jpg,diced apple
mit-states/images/diced apple/freeze-dried-apple-dice.jpg,diced apple
mit-states/images/diced apple/img_1779.jpg,diced apple
mit-states/images/peeled apple/2013-03-03-15.13.52.jpg,peeled apple
mit-states/images/peeled apple/3-peeled-apple.jpg,peeled apple
mit-states/images/peeled apple/3763478199_b55f73eca2_z.jpg,peeled apple
mit-states/images/peeled apple/5090590746_044eede326_z.jpg,peeled apple
mit-states/images/peeled apple/5097899893_e8ab0fa79d.jpg,peeled apple
mit-states/images/peeled apple/536228d4006d0a77e3a5da8581b4f507.jpg,peeled apple
mit-states/images/peeled apple/6661036805_527d7d4f86_z.jpg,peeled apple
mit-states/images/peeled apple/6980289817_62164bde66_z.jpg,peeled apple
mit-states/images/peeled apple/8555212259_579a084c36_z.jpg,peeled apple
mit-states/images/peeled apple/933043.jpg,peeled apple
mit-states/images/peeled apple/Betty-Crocker-caramel-apple-crisp-peeled-apple.jpg,peeled apple
mit-states/images/peeled apple/IMG_6879.jpg,peeled apple
mit-states/images/peeled apple/IMG_9615.jpg,peeled apple
mit-states/images/peeled apple/P1060540.jpg,peeled apple
mit-states/images/peeled apple/Peeled-Apple-1024x680.jpg,peeled apple
mit-states/images/peeled apple/PeeledApple-1.jpg,peeled apple
mit-states/images/peeled apple/aa4605199b6fcc4c5d11d5e03cd7e839.jpg,peeled apple
mit-states/images/peeled apple/apple_jack_n_peel-500x500.jpg,peeled apple
mit-states/images/peeled apple/apple_peeled.jpg,peeled apple
mit-states/images/peeled apple/applefritterbreadfinal0001.jpg,peeled apple
mit-states/images/peeled apple/apples-peeled.jpg,peeled apple
mit-states/images/peeled apple/apples12.jpg,peeled apple
mit-states/images/peeled apple/b6747d9d751e6dbabcd32a344c4e1c0c.jpg,peeled apple
mit-states/images/peeled apple/b84d910d5a82c969aab030fea0ecdcaf.jpg,peeled apple
mit-states/images/peeled apple/c63f3ae240b3db31fdca2afe7074695f.jpg,peeled apple
mit-states/images/peeled apple/chickenapple.peeledapple.jpg,peeled apple
mit-states/images/peeled apple/chopped-peeled-apple.jpg,peeled apple
mit-states/images/peeled apple/depositphotos_1658422-Green-peeled-apple.jpg,peeled apple
mit-states/images/peeled apple/depositphotos_3069749-Peeled-apple.jpg,peeled apple
mit-states/images/peeled apple/depositphotos_3322697-Peeled-apples-on-the-table.jpg,peeled apple
mit-states/images/peeled apple/img_5568.jpg,peeled apple
mit-states/images/peeled apple/img_57181.jpg,peeled apple
mit-states/images/peeled apple/peeled+apple.jpg,peeled apple
mit-states/images/peeled apple/peeled-apple-1024x691.jpg,peeled apple
mit-states/images/peeled apple/peeled-apple-20127771.jpg,peeled apple
mit-states/images/peeled apple/peeled-apple-22996823.jpg,peeled apple
mit-states/images/peeled apple/peeled-apple-2706563.jpg,peeled apple
mit-states/images/peeled apple/peeled-apple-2706574.jpg,peeled apple
mit-states/images/peeled apple/peeled-apple-image-white-background-32188268.jpg,peeled apple
mit-states/images/peeled apple/peeled-apples-1024x684.jpg,peeled apple
mit-states/images/peeled apple/peeled-apples.jpg,peeled apple
mit-states/images/peeled apple/peeled-green-apple-peeler-12165622.jpg,peeled apple
mit-states/images/peeled apple/peeled_apple.jpg,peeled apple
mit-states/images/peeled apple/peeled_apple_996255.jpg,peeled apple
mit-states/images/peeled apple/sliced-apples.jpg,peeled apple
mit-states/images/peeled apple/squash-apple-peel.jpg,peeled apple
mit-states/images/peeled apple/yellow-apple-peeled-twisted-skin-12619981.jpg,peeled apple
mit-states/images/pureed apple/1..jpg,pureed apple
mit-states/images/pureed apple/15401664097_7a4b180f56_o.jpg,pureed apple
mit-states/images/pureed apple/16db5fccc0ea721885c0c41ef00bdddb.jpg,pureed apple
mit-states/images/pureed apple/1fbd82842f8e51172e8486cc14d6f8d4.jpg,pureed apple
mit-states/images/pureed apple/2..jpg,pureed apple
mit-states/images/pureed apple/4805662230f06327874b8bd69ab2e2ab.jpg,pureed apple
mit-states/images/pureed apple/5202052013_c27c689805_z.jpg,pureed apple
mit-states/images/pureed apple/IMG_1737.jpg,pureed apple
mit-states/images/pureed apple/IMG_1738.jpg,pureed apple
mit-states/images/pureed apple/IMG_1742.jpg,pureed apple
mit-states/images/pureed apple/IMG_1744.jpg,pureed apple
mit-states/images/pureed apple/IMG_1746.jpg,pureed apple
mit-states/images/pureed apple/IMG_1747.jpg,pureed apple
mit-states/images/pureed apple/IMG_1788.jpg,pureed apple
mit-states/images/pureed apple/IMG_1792.jpg,pureed apple
mit-states/images/pureed apple/IMG_1958.jpg,pureed apple
mit-states/images/pureed apple/P1030706.jpg,pureed apple
mit-states/images/pureed apple/P1100280.jpg,pureed apple
mit-states/images/pureed apple/_MG_5744.jpg,pureed apple
mit-states/images/pureed apple/a957b72bfd4ed4f26e420c89e743e9eb.jpg,pureed apple
mit-states/images/pureed apple/apple-wheat-cereal.jpg,pureed apple
mit-states/images/pureed apple/applePyramid11.jpg,pureed apple
mit-states/images/pureed apple/e3f19494d16dc0faeac69629adceddc3.jpg,pureed apple
mit-states/images/pureed apple/e98656a928b5d8205f23b8848289e61f.jpg,pureed apple
mit-states/images/pureed apple/f0323977e1e1e9fef8c5176e82179afd.jpg,pureed apple
mit-states/images/pureed apple/how-to-make-apple-puree.WidePlayer.jpg,pureed apple
mit-states/images/pureed apple/howtocookthat-baby-food.jpg,pureed apple
mit-states/images/pureed apple/pureed-apple-chicken-and-kale-646.jpg,pureed apple
mit-states/images/ripe apple/15008-Fruit+ripe+apple+core.jpg,ripe apple
mit-states/images/ripe apple/2296716-541001-red-reifer-apfel-auf-weisem-hintergrund.jpg,ripe apple
mit-states/images/ripe apple/2806722038_a7f795405b_z.jpg,ripe apple
mit-states/images/ripe apple/Food_Berries__fruits__nuts_Ripe_apples_032208_.jpg,ripe apple
mit-states/images/ripe apple/Red-Ripe-Apple_82539-1024x682.jpg,ripe apple
mit-states/images/ripe apple/Ripe-Apples-Post-Rain.jpg,ripe apple
mit-states/images/ripe apple/apple1.jpg,ripe apple
mit-states/images/ripe apple/b2d75ad91d26a9cefb890e8952d4bed7.jpg,ripe apple
mit-states/images/ripe apple/depositphotos_11489582-Ripe-apple-fruit.jpg,ripe apple
mit-states/images/ripe apple/depositphotos_1254401-Ripe-apple.jpg,ripe apple
mit-states/images/ripe apple/depositphotos_2608865-Green-ripe-apple.jpg,ripe apple
mit-states/images/ripe apple/dsc3183_edited-1.jpg,ripe apple
mit-states/images/ripe apple/fresh--basket-of-apples--ripe--apple_3318693.jpg,ripe apple
mit-states/images/ripe apple/perfect-ripe-apple-7374538.jpg,ripe apple
mit-states/images/ripe apple/red-ripe-apple-key-18199542.jpg,ripe apple
mit-states/images/ripe apple/red-ripe-apple-vector-eps-illustration-32589827.jpg,ripe apple
mit-states/images/ripe apple/red-ripe-apple-white-background-35463832.jpg,ripe apple
mit-states/images/ripe apple/red-ripe-apple.jpg,ripe apple
mit-states/images/ripe apple/ripe-apple-16597431.jpg,ripe apple
mit-states/images/ripe apple/ripe-apple-2-7000655.jpg,ripe apple
mit-states/images/ripe apple/ripe-apple-2143653.jpg,ripe apple
mit-states/images/ripe apple/ripe-apple-4-7000677.jpg,ripe apple
mit-states/images/ripe apple/ripe-apple-basket-17561185.jpg,ripe apple
mit-states/images/ripe apple/ripe-apple-fruit-12595238.jpg,ripe apple
mit-states/images/ripe apple/ripe-apple-fruit-18333971.jpg,ripe apple
mit-states/images/ripe apple/ripe-apple-fruit-21344204.jpg,ripe apple
mit-states/images/ripe apple/ripe-apple-fruit-21722182.jpg,ripe apple
mit-states/images/ripe apple/ripe-apple-fruits-knife-23282940.jpg,ripe apple
mit-states/images/ripe apple/ripe-apple-hanging-tree-37168475.jpg,ripe apple
mit-states/images/ripe apple/ripe-apple-hangs-tree-autumn-34853432.jpg,ripe apple
mit-states/images/ripe apple/ripe-apple-leaves-21510981.jpg,ripe apple
mit-states/images/ripe apple/ripe-apple-red-rough-linen-tablecloth-33713109.jpg,ripe apple
mit-states/images/ripe apple/ripe-apple-tree-12110100.jpg,ripe apple
mit-states/images/ripe apple/ripe-apple-tree-21348194.jpg,ripe apple
mit-states/images/ripe apple/ripe-apple-tree-dew-yellow-water-drops-summer-38562005.jpg,ripe apple
mit-states/images/ripe apple/ripe-apple-white-7342058.jpg,ripe apple
mit-states/images/ripe apple/three-ripe-apple-autumn-varieties-background-leaves-36818138.jpg,ripe apple
mit-states/images/ripe apple/two-ripe-apple-6959071.jpg,ripe apple
mit-states/images/ripe apple/water-drops-ripe-apple-13847533.jpg,ripe apple
mit-states/images/ripe apple/woman-s-hands-holding-ripe-apple-10341009.jpg,ripe apple
mit-states/images/sliced apple/0493-Download.jpg,sliced apple
mit-states/images/sliced apple/12911125-md.jpg,sliced apple
mit-states/images/sliced apple/3013702114_898e8b35eb_z.jpg,sliced apple
mit-states/images/sliced apple/4350558816_b2b53231fc_z.jpg,sliced apple
mit-states/images/sliced apple/5.jpg,sliced apple
mit-states/images/sliced apple/6869248475_f8e92ce227_z.jpg,sliced apple
mit-states/images/sliced apple/6d55c461374f615c97f5ddb60142fc3b.jpg,sliced apple
mit-states/images/sliced apple/7216681600_f65ab870db_z.jpg,sliced apple
mit-states/images/sliced apple/8b65cceac9f0d03a15ce3fb762d62682.jpg,sliced apple
mit-states/images/sliced apple/ScreenHunter_6371-Feb.-08-19.30.jpg,sliced apple
mit-states/images/sliced apple/Sliced-apple1213.jpg,sliced apple
mit-states/images/sliced apple/a958a9794b5cabbb91d05477a54a25ab.jpg,sliced apple
mit-states/images/sliced apple/ae095228bbd34dd8052f6f5e1519fd74.jpg,sliced apple
mit-states/images/sliced apple/apple-side-slicing-process-1.jpg,sliced apple
mit-states/images/sliced apple/appleslicesprodpage.jpg,sliced apple
mit-states/images/sliced apple/depositphotos_1353820-Sliced-apple-isolated-on-white.jpg,sliced apple
mit-states/images/sliced apple/depositphotos_4219387-Sliced-apple.jpg,sliced apple
mit-states/images/sliced apple/depositphotos_5538496-Sliced-Apple.jpg,sliced apple
mit-states/images/sliced apple/different-colors-sliced-apple-26519652.jpg,sliced apple
mit-states/images/sliced apple/image-sliced-apple-19183666.jpg,sliced apple
mit-states/images/sliced apple/red-green-sliced-apple-20844795.jpg,sliced apple
mit-states/images/sliced apple/red-sliced-apple-26901054.jpg,sliced apple
mit-states/images/sliced apple/rent-colors-sliced-apple-24145697.jpg,sliced apple
mit-states/images/sliced apple/side-sliced-apple-stack1.jpg,sliced apple
mit-states/images/sliced apple/slice_of_apple_cross-section_backlit_927156.jpg,sliced apple
mit-states/images/sliced apple/sliced-apple-070712g0125.jpg,sliced apple
mit-states/images/sliced apple/sliced-apple-13208790.jpg,sliced apple
mit-states/images/sliced apple/sliced-apple-16647855.jpg,sliced apple
mit-states/images/sliced apple/sliced-apple-24210.jpg,sliced apple
mit-states/images/sliced apple/sliced-apple-3035410.jpg,sliced apple
mit-states/images/sliced apple/sliced-apple-3368972.jpg,sliced apple
mit-states/images/sliced apple/sliced-apple-7211655.jpg,sliced apple
mit-states/images/sliced apple/sliced-apple-in-half.jpg,sliced apple
mit-states/images/sliced apple/sliced-apple-photograph.jpg,sliced apple
mit-states/images/sliced apple/sliced-apple-star.jpg,sliced apple
mit-states/images/sliced apple/sliced-apples-balzano.jpg,sliced apple
mit-states/images/sliced apple/sliced-apples.jpg,sliced apple
mit-states/images/sliced apple/sliced_apple.jpg,sliced apple
mit-states/images/unripe apple/2010-06-15-garden-021-fuji-apple.jpg,unripe apple
mit-states/images/unripe apple/2108852-551472-real-green-unripe-apples-on-a-tree-branch-with-leaves-isolated.jpg,unripe apple
mit-states/images/unripe apple/3639493097_a519469de0_z.jpg,unripe apple
mit-states/images/unripe apple/68166_Unripe-Apple_620.jpg,unripe apple
mit-states/images/unripe apple/DSCF3508.jpg,unripe apple
mit-states/images/unripe apple/IMG_5518-Large.jpg,unripe apple
mit-states/images/unripe apple/P1010197.jpg,unripe apple
mit-states/images/unripe apple/Unripe%20apple%20in%20Banjar%20Valley.jpg,unripe apple
mit-states/images/unripe apple/Unripe-Cherry-2013-wm.jpg,unripe apple
mit-states/images/unripe apple/Unripe-apple-from-2011.jpg,unripe apple
mit-states/images/unripe apple/apple-beauty-benefits-2.jpg,unripe apple
mit-states/images/unripe apple/unripe-apple-51ac89.jpg,unripe apple
mit-states/images/unripe apple/unripe-apple-square.jpg,unripe apple
mit-states/images/unripe apple/unripe-apple.jpg,unripe apple
mit-states/images/unripe apple/unripe-apples-apple-tree-branches-25294488.jpg,unripe apple
mit-states/images/unripe apple/unripe-apples-by-char-via-photopin-cc.jpg,unripe apple
mit-states/images/unripe apple/unripe_apples_on_the_tree_961888.jpg,unripe apple
